"Question","Answer"
"AGSP คืออะไร","AGSP คือ LINE Bot ผู้ช่วยนักศึกษาวิชา KAAG474 Senior Project ของมหาวิทยาลัยมหิดล ช่วยได้ 2 อย่าง ได้แก่ (1) ตอบคำถามเกี่ยวกับรายวิชาและกำหนดการ และ (2) ประเมินทักษะ Hard Skill / Soft Skill เพื่อวางแผนพัฒนาตนเอง"
"ใช้ AGSP อย่างไร","พิมพ์คำถามเกี่ยวกับวิชา KAAG474 ได้เลย เช่น ""ส่ง Proposal เมื่อไหร่"" หรือ ""Proposal ต้องมีอะไรบ้าง"" หากต้องการประเมินทักษะให้พิมพ์ ""ประเมิน"" แล้วทำตามขั้นตอน"
"AGSP ตอบคำถามอะไรได้บ้าง","AGSP ตอบได้ 3 กลุ่มหลัก ได้แก่ (1) กำหนดการรายวิชา เช่น ส่งงานเมื่อไหร่ นำเสนอช่วงไหน (2) ข้อมูลรายวิชา เช่น Proposal ต้องมีอะไร ต้องส่งเอกสารอะไรบ้าง และ (3) กระบวนการวิจัย เช่น เลือกหัวข้ออย่างไร ใช้ AI ได้ไหม"
"ประเมินทักษะด้วย AGSP ทำอย่างไร","พิมพ์ ""ประเมิน"" → ยืนยัน PDPA → ใส่รหัสนักศึกษา → ตอบคำถาม 23 ข้อ (ใช้เวลาประมาณ 10–15 นาที) → รับผลและคำแนะนำทันที น้องสามารถทำซ้ำเพื่อติดตามพัฒนาการได้"
"ดูผลประเมินย้อนหลังได้ไหม","ได้ หากเคยทำแบบประเมินไปแล้ว ให้พิมพ์ ""ประเมิน"" → ใส่รหัสนักศึกษาเดิม → ระบบจะแสดงตัวเลือก ""ดูความก้าวหน้า"" หรือ ""ทำแบบประเมินใหม่"" นอกจากนี้ยังพิมพ์ ""ความก้าวหน้า"" หรือ ""ดูผล"" ได้ทันที"
"ข้อมูลส่วนตัวของฉันปลอดภัยไหม","ปลอดภัยค่ะ/ครับ ระบบไม่เก็บชื่อหรือข้อมูลส่วนตัว รหัสนักศึกษาจะถูกเข้ารหัสก่อนบันทึก ตามนโยบาย PDPA ของมหาวิทยาลัย น้องมีสิทธิ์ขอลบข้อมูลได้ทุกเมื่อโดยพิมพ์ ""ขอลบข้อมูล"""
"ยกเลิกการแจ้งเตือน Follow-up อย่างไร","พิมพ์ ""ยกเลิกการแจ้งเตือน"" ได้เลย AGSP จะหยุดส่ง push message ให้ทันที"
"รายวิชา Senior Project ปี 2569 เริ่มเมื่อไหร่","รายวิชา Senior Project ปี 2569 จะเริ่มกิจกรรมเตรียมความพร้อมในช่วงกรกฎาคม และเริ่มกิจกรรมหลักตั้งแต่ต้นเดือนสิงหาคม 2569 เป็นต้นไป นักศึกษาควรติดตามประกาศจากรายวิชาอย่างต่อเนื่อง"
"ปฐมนิเทศ Senior Project จัดช่วงไหน","การปฐมนิเทศรายวิชา Senior Project กำหนดจัดในช่วงต้นเดือนสิงหาคม 2569 เพื่อชี้แจงวัตถุประสงค์รายวิชา ขั้นตอนการทำโครงงาน เกณฑ์การประเมิน และเอกสารที่นักศึกษาต้องส่ง"
"ต้องทำ Pre-test ตอนไหน","นักศึกษาควรทำ Pre-test หรือ Self-Assessment ในช่วงต้นเดือนสิงหาคม 2569 หลังการปฐมนิเทศรายวิชา เพื่อประเมินความเข้าใจเบื้องต้นเกี่ยวกับการทำโครงงานวิจัย Hard Skill, Soft Skill และการใช้ AI Tools"
"ต้องเลือกหัวข้อวิจัยเมื่อไหร่","นักศึกษาควรเริ่มเลือกหัวข้อวิจัยและหารือกับอาจารย์ที่ปรึกษาในช่วงเดือนสิงหาคม 2569 เพื่อให้สามารถพัฒนาโครงร่างวิจัยได้ทันตามกำหนด"
"ต้องมีอาจารย์ที่ปรึกษาภายในเดือนไหน","นักศึกษาควรมีอาจารย์ที่ปรึกษาหรืออยู่ระหว่างการยืนยันหัวข้อกับอาจารย์ที่ปรึกษาภายในเดือนสิงหาคม 2569 เพื่อให้การจัดทำ Proposal และแผนการดำเนินงานเป็นไปอย่างต่อเนื่อง"
"ต้องส่ง Proposal เมื่อไหร่","นักศึกษาควรส่งหัวข้อและโครงร่างวิจัยเบื้องต้น หรือ Proposal ฉบับร่าง ในช่วงเดือนกันยายน 2569 โดยต้องตรวจสอบวันกำหนดส่งจริงจากประกาศรายวิชา"
"เริ่มเก็บข้อมูลได้เมื่อไหร่","นักศึกษาสามารถเริ่มเก็บข้อมูลหรือดำเนินการทดลองได้หลังจากหัวข้อและแผนการดำเนินงานได้รับความเห็นชอบจากอาจารย์ที่ปรึกษา โดยทั่วไปจะอยู่ในช่วงกันยายน–ตุลาคม 2569"
"ต้องรายงานความก้าวหน้ากี่ครั้ง","โดยทั่วไปควรมีการรายงานความก้าวหน้าอย่างน้อย 2 ครั้ง ได้แก่ ครั้งที่ 1 ในช่วงตุลาคม 2569 และครั้งที่ 2 ในช่วงพฤศจิกายน 2569 เพื่อให้อาจารย์ที่ปรึกษาติดตามความก้าวหน้าและให้ข้อเสนอแนะ"
"รายงานความก้าวหน้าครั้งที่ 1 ต้องมีอะไรบ้าง","รายงานความก้าวหน้าครั้งที่ 1 ควรประกอบด้วย หัวข้อวิจัย วัตถุประสงค์ วิธีดำเนินการ ความคืบหน้าของงาน ปัญหาที่พบ และแผนการดำเนินงานต่อไป"
"รายงานความก้าวหน้าครั้งที่ 2 ต้องมีอะไรบ้าง","รายงานความก้าวหน้าครั้งที่ 2 ควรมีผลการศึกษาเบื้องต้น ข้อมูล ตาราง กราฟ การวิเคราะห์เบื้องต้น ปัญหาอุปสรรค และแนวทางปรับปรุงก่อนจัดทำรายงานฉบับสมบูรณ์"
"ต้องส่งร่างรายงานเมื่อไหร่","นักศึกษาควรส่งร่างรายงานให้แก่อาจารย์ที่ปรึกษาในช่วงพฤศจิกายน–ธันวาคม 2569 เพื่อให้มีเวลาแก้ไขก่อนส่งรายงานฉบับสมบูรณ์"
"ต้องนำเสนอ Senior Project เมื่อไหร่","การนำเสนอผลงาน Senior Project ควรจัดในช่วงเดือนธันวาคม 2569 โดยนักศึกษาต้องเตรียมสไลด์ ผลการศึกษา และการตอบคำถามทางวิชาการ"
"ต้องส่งรายงานฉบับสมบูรณ์เมื่อไหร่","นักศึกษาควรส่งรายงานฉบับสมบูรณ์ภายในเดือนธันวาคม 2569 หรือตามวันที่รายวิชาประกาศ โดยรายงานต้องผ่านการตรวจและแก้ไขตามข้อเสนอแนะของอาจารย์ที่ปรึกษา"
"ถ้าส่งรายงานไม่ทันกำหนดจะเกิดอะไรขึ้น","หากส่งรายงานไม่ทันกำหนด อาจมีผลต่อการประเมินผลหรือการออกเกรด นักศึกษาควรรีบแจ้งอาจารย์ที่ปรึกษาและอาจารย์ผู้รับผิดชอบรายวิชา พร้อมชี้แจงเหตุผลและแผนการแก้ไข"
"ถ้าเอกสารไม่ครบจะออกเกรดได้ไหม","หากนักศึกษาส่งเอกสารไม่ครบ เช่น รายงานฉบับสมบูรณ์ ไฟล์นำเสนอ แบบฟอร์มประเมิน หรือเอกสารที่รายวิชากำหนด อาจทำให้ไม่สามารถดำเนินการออกเกรดได้จนกว่าจะส่งเอกสารครบถ้วน"
"ก่อนเกรดออกต้องส่งอะไรบ้าง","นักศึกษาต้องส่งเอกสารตามที่รายวิชากำหนด เช่น รายงานฉบับสมบูรณ์ ไฟล์นำเสนอ แบบฟอร์มประเมิน เอกสารรับรองจากอาจารย์ที่ปรึกษา หรือหลักฐานอื่นที่เกี่ยวข้อง"
"Senior Project คืออะไร","Senior Project เป็นรายวิชาที่ให้นักศึกษาฝึกทำโครงงานวิจัยด้านวิทยาศาสตร์การเกษตร ตั้งแต่การกำหนดปัญหา การออกแบบวิธีวิจัย การเก็บข้อมูล การวิเคราะห์ผล การเขียนรายงาน และการนำเสนอผลงานทางวิชาการ"
"ก่อนเริ่ม Senior Project ต้องเตรียมอะไรบ้าง","นักศึกษาควรเตรียมหัวข้อหรือประเด็นที่สนใจ ศึกษางานวิจัยที่เกี่ยวข้อง ติดต่ออาจารย์ที่ปรึกษา วางแผนเวลา และเตรียมความพร้อมด้านการเขียนโครงร่างวิจัย"
"จะเลือกอาจารย์ที่ปรึกษาอย่างไร","นักศึกษาควรเลือกอาจารย์ที่มีความเชี่ยวชาญสอดคล้องกับหัวข้อที่สนใจ และควรหารือกับอาจารย์ล่วงหน้าเกี่ยวกับความเป็นไปได้ของหัวข้อ แผนการทำงาน และทรัพยากรที่ต้องใช้"
"หัวข้อวิจัยที่ดีควรเป็นอย่างไร","หัวข้อวิจัยที่ดีควรมีปัญหาชัดเจน มีความสำคัญ มีขอบเขตเหมาะสมกับเวลาและทรัพยากร มีวิธีดำเนินการที่ทำได้จริง และสามารถวัดผลหรือสรุปผลได้อย่างมีเหตุผล"
"Proposal ต้องมีอะไรบ้าง","Proposal ควรประกอบด้วย ชื่อเรื่อง ความเป็นมาและความสำคัญของปัญหา วัตถุประสงค์ ขอบเขตการศึกษา วิธีดำเนินการ แผนการดำเนินงาน ผลที่คาดว่าจะได้รับ และเอกสารอ้างอิง"
"ถ้าผลการทดลองไม่เป็นไปตามที่คาดไว้จะสอบผ่านไหม","ผลการทดลองไม่จำเป็นต้องเป็นไปตามสมมติฐานเสมอไป สิ่งสำคัญคือนักศึกษาต้องอธิบายผลได้อย่างมีเหตุผล วิเคราะห์ข้อจำกัด และอภิปรายผลตามหลักวิชาการ"
"ต้องใช้สถิติหรือไม่","ขึ้นอยู่กับลักษณะของข้อมูล หากเป็นงานทดลองหรือมีการเปรียบเทียบผล ควรใช้สถิติที่เหมาะสม เช่น ค่าเฉลี่ย ส่วนเบี่ยงเบนมาตรฐาน หรือการทดสอบความแตกต่างตามชนิดของข้อมูล"
"ใช้ AI ช่วยทำ Senior Project ได้ไหม","สามารถใช้ AI เป็นเครื่องมือช่วยค้นแนวคิด จัดโครงสร้าง ตรวจภาษา หรือช่วยอธิบายแนวทางได้ แต่ต้องตรวจสอบความถูกต้องด้วยตนเอง และไม่ควรใช้ AI แทนการคิด วิเคราะห์ หรือเขียนงานทั้งหมด"
"ใช้ AI เขียนรายงานได้หรือไม่","สามารถใช้ AI ช่วยปรับภาษา ตรวจความชัดเจน หรือเสนอแนวทางการเรียบเรียงได้ แต่ข้อมูล ผลการทดลอง การวิเคราะห์ และข้อสรุปต้องมาจากงานของนักศึกษาเอง"
"ต้องอ้างอิงเอกสารอย่างไร","นักศึกษาต้องอ้างอิงแหล่งข้อมูลที่ใช้ในรายงานอย่างถูกต้อง ทั้งในเนื้อหาและท้ายเล่ม โดยใช้รูปแบบการอ้างอิงตามที่รายวิชาหรืออาจารย์กำหนด"
"การนำเสนอควรเตรียมอะไรบ้าง","นักศึกษาควรเตรียมสไลด์ให้ชัดเจน กระชับ มีลำดับเรื่องที่ดี ครอบคลุมปัญหา วัตถุประสงค์ วิธีดำเนินการ ผลการศึกษา อภิปรายผล และข้อสรุป พร้อมซ้อมตอบคำถาม"
"ถ้ามีปัญหาระหว่างทำโครงงานต้องติดต่อใคร","นักศึกษาควรติดต่ออาจารย์ที่ปรึกษาเป็นลำดับแรก หากเป็นปัญหาเกี่ยวกับรายวิชา กำหนดส่ง หรือเอกสารส่วนกลาง ควรติดต่ออาจารย์ผู้รับผิดชอบรายวิชาหรือเจ้าหน้าที่หลักสูตร"
"ถ้าไม่สามารถเข้าร่วมกิจกรรมตามกำหนดได้ต้องทำอย่างไร","นักศึกษาควรแจ้งอาจารย์ผู้รับผิดชอบรายวิชาหรืออาจารย์ที่ปรึกษาล่วงหน้า พร้อมระบุเหตุผลและขอคำแนะนำเกี่ยวกับการดำเนินการทดแทน"
"ถ้าต้องเปลี่ยนหัวข้อวิจัยระหว่างภาคเรียนทำได้ไหม","สามารถทำได้ในกรณีที่มีเหตุผลจำเป็น แต่ต้องรีบปรึกษาอาจารย์ที่ปรึกษา และต้องพิจารณาว่ายังสามารถดำเนินงานให้เสร็จทันตามกำหนดการรายวิชาได้หรือไม่"
"กำหนดการรายวิชา KAAG474 มีอะไรบ้าง","กำหนดการหลัก KAAG474 Senior Project ปี 2569 มีดังนี้
• ก.ค. 2569: เตรียมความพร้อม ตรวจสอบสิทธิ์ลงทะเบียน
• ต้น ส.ค.: ปฐมนิเทศรายวิชา + Pre-test/Self-Assessment
• ส.ค.: เลือกหัวข้อและอาจารย์ที่ปรึกษา
• ส.ค.–ก.ย.: กิจกรรมเสริมทักษะการวิจัย
• ก.ย.: ส่ง Proposal ฉบับร่าง
• ก.ย.–ต.ค.: เก็บข้อมูลระยะที่ 1
• ต.ค.: Progress Report ครั้งที่ 1
• ต.ค.–พ.ย.: เก็บข้อมูลระยะที่ 2
• พ.ย.: Progress Report ครั้งที่ 2
• พ.ย.–ธ.ค.: จัดทำรายงานฉบับร่าง
• ธ.ค.: นำเสนอผลงาน + ส่งรายงานฉบับสมบูรณ์
• ก่อนออกเกรด: ตรวจสอบเอกสารครบถ้วน

วันที่แน่นอนยึดตามประกาศอาจารย์ผู้รับผิดชอบรายวิชา"